from,to,Description
16,1,BOTS connection
16,7,BOTS connection
16,2,BOTS connection
16,8,BOTS connection
16,5,BOTS connection
18,1,Joined on july 2017
18,2,Joined on july 2017
18,9,Joined on july 2017
18,3,Joined on july 2017
19,4,
19,5,
19,8,
17,1,
17,2,
17,5,
11,1,Category Connections
11,6,Category Connections
12,1,Category Connections
13,2,Category Connections
13,7,Category Connections
13,8,Category Connections
13,9,Category Connections
13,10,Category Connections
14,4,Category Connections
14,5,Category Connections
15,8,Category Connections
15,9,Category Connections
15,10,Category Connections
